Date,Day_of_Week,Is_Holiday,Season,Temperature,Weather_Condition,Patient_Count,Flu_Cases,Cold_Fever_Cases,Respiratory_Issues,Infectious_Diseases,Accidents_Emergencies
2023-01-01,Sunday,1,Winter,4,Snowy,79,26,19,16,9,6
2023-01-02,Monday,0,Winter,13,Sunny,178,68,51,16,25,16
2023-01-03,Tuesday,0,Winter,30,Snowy,136,45,33,28,16,10
2023-01-04,Wednesday,0,Winter,28,Cloudy,183,70,52,17,26,17
2023-01-05,Thursday,0,Winter,25,Cloudy,68,26,19,5,9,5
2023-01-06,Friday,0,Winter,33,Cloudy,81,30,23,7,11,7
2023-01-07,Saturday,0,Winter,-2,Rainy,167,58,43,14,21,29
2023-01-08,Sunday,0,Winter,26,Sunny,125,48,35,11,17,11
2023-01-09,Monday,0,Winter,16,Sunny,118,45,34,10,16,10
2023-01-10,Tuesday,0,Winter,-5,Rainy,66,23,17,5,8,11
2023-01-11,Wednesday,0,Winter,26,Sunny,57,22,17,5,8,5
2023-01-12,Thursday,0,Winter,28,Sunny,132,50,37,12,18,12
2023-01-13,Friday,0,Winter,20,Rainy,89,31,23,7,11,15
2023-01-14,Saturday,0,Winter,-2,Cloudy,124,47,35,11,17,11
2023-01-15,Sunday,0,Winter,25,Rainy,52,18,13,4,6,9
2023-01-16,Monday,0,Winter,0,Cloudy,51,19,14,4,6,4
2023-01-17,Tuesday,0,Winter,8,Snowy,120,40,30,25,15,10
2023-01-18,Wednesday,0,Winter,8,Cloudy,141,53,40,13,20,13
2023-01-19,Thursday,0,Winter,25,Foggy,122,37,28,23,14,18
2023-01-20,Friday,0,Winter,21,Rainy,133,46,34,11,16,23
2023-01-21,Saturday,0,Winter,31,Rainy,78,27,20,6,9,13
2023-01-22,Sunday,0,Winter,-2,Foggy,74,22,17,14,8,11
2023-01-23,Monday,0,Winter,21,Snowy,107,35,27,22,13,8
2023-01-24,Tuesday,0,Winter,16,Cloudy,155,59,44,14,22,14
2023-01-25,Wednesday,0,Winter,-1,Sunny,176,67,50,16,25,16
2023-01-26,Thursday,1,Winter,4,Foggy,68,21,15,13,7,10
2023-01-27,Friday,0,Winter,-4,Cloudy,192,73,54,18,27,18
2023-01-28,Saturday,0,Winter,19,Snowy,46,15,11,9,5,3
2023-01-29,Sunday,0,Winter,30,Foggy,71,22,16,13,7,11
2023-01-30,Monday,0,Winter,21,Sunny,184,70,52,17,26,17
2023-01-31,Tuesday,0,Winter,20,Foggy,121,37,27,23,13,18
2023-02-01,Wednesday,0,Winter,3,Rainy,136,47,35,11,17,23
2023-02-02,Thursday,0,Winter,23,Snowy,56,18,13,12,6,4
2023-02-03,Friday,0,Winter,21,Sunny,124,47,35,11,17,11
2023-02-04,Saturday,0,Winter,7,Cloudy,113,43,32,10,15,10
2023-02-05,Sunday,0,Winter,3,Foggy,37,11,8,7,4,5
2023-02-06,Monday,0,Winter,11,Sunny,198,76,56,18,28,18
2023-02-07,Tuesday,0,Winter,4,Cloudy,99,38,28,8,13,8
2023-02-08,Wednesday,0,Winter,15,Foggy,89,27,20,17,10,13
2023-02-09,Thursday,0,Winter,-5,Rainy,193,67,50,16,24,33
2023-02-10,Friday,0,Winter,32,Snowy,191,63,47,39,23,15
2023-02-11,Saturday,0,Winter,13,Foggy,62,19,14,11,7,9
2023-02-12,Sunday,0,Winter,10,Sunny,59,23,17,5,8,5
2023-02-13,Monday,0,Winter,15,Sunny,120,45,34,11,17,11
2023-02-14,Tuesday,0,Winter,11,Snowy,104,34,26,21,12,8
2023-02-15,Wednesday,0,Winter,28,Sunny,177,67,51,16,25,16
2023-02-16,Thursday,0,Winter,31,Snowy,64,21,16,13,7,5
2023-02-17,Friday,0,Winter,17,Rainy,102,35,26,8,13,17
2023-02-18,Saturday,0,Winter,-3,Cloudy,121,46,34,11,17,11
2023-02-19,Sunday,0,Winter,19,Foggy,109,33,25,21,12,16
2023-02-20,Monday,0,Winter,7,Snowy,96,32,23,20,11,7
2023-02-21,Tuesday,0,Winter,10,Sunny,166,64,47,15,23,15
2023-02-22,Wednesday,0,Winter,31,Snowy,113,38,28,23,13,9
2023-02-23,Thursday,0,Winter,28,Foggy,171,52,39,32,19,26
2023-02-24,Friday,0,Winter,9,Snowy,72,24,18,15,8,6
2023-02-25,Saturday,0,Winter,-4,Snowy,160,53,40,33,20,13
2023-02-26,Sunday,0,Winter,-1,Foggy,49,15,11,9,5,7
2023-02-27,Monday,0,Winter,19,Snowy,52,17,13,11,6,4
2023-02-28,Tuesday,0,Winter,29,Rainy,104,36,27,8,13,17
2023-03-01,Wednesday,0,Spring,30,Rainy,108,21,21,10,16,21
2023-03-02,Thursday,0,Spring,24,Rainy,113,22,22,11,16,22
2023-03-03,Friday,0,Spring,36,Snowy,58,11,11,14,8,5
2023-03-04,Saturday,0,Spring,29,Sunny,130,26,26,13,19,13
2023-03-05,Sunday,0,Spring,33,Snowy,136,27,27,34,20,13
2023-03-06,Monday,0,Spring,20,Rainy,136,27,27,13,20,27
2023-03-07,Tuesday,0,Spring,18,Foggy,52,10,10,13,7,10
2023-03-08,Wednesday,0,Spring,39,Foggy,200,40,40,50,30,40
2023-03-09,Thursday,0,Spring,34,Foggy,156,31,31,39,23,31
2023-03-10,Friday,0,Spring,35,Cloudy,100,20,20,10,15,10
2023-03-11,Saturday,0,Spring,16,Snowy,62,12,12,15,9,6
2023-03-12,Sunday,0,Spring,23,Cloudy,108,21,21,10,16,10
2023-03-13,Monday,0,Spring,15,Sunny,145,29,29,14,21,14
2023-03-14,Tuesday,0,Spring,23,Sunny,76,15,15,7,11,7
2023-03-15,Wednesday,0,Spring,15,Foggy,134,26,26,33,20,26
2023-03-16,Thursday,0,Spring,37,Cloudy,161,32,32,16,24,16
2023-03-17,Friday,0,Spring,22,Sunny,179,35,35,17,26,17
2023-03-18,Saturday,0,Spring,32,Sunny,82,16,16,8,12,8
2023-03-19,Sunday,0,Spring,31,Rainy,85,17,17,8,12,17
2023-03-20,Monday,0,Spring,17,Snowy,200,40,40,50,30,20
2023-03-21,Tuesday,0,Spring,23,Sunny,156,31,31,15,23,15
2023-03-22,Wednesday,0,Spring,26,Rainy,134,26,26,13,20,26
2023-03-23,Thursday,0,Spring,31,Cloudy,57,11,11,5,8,5
2023-03-24,Friday,0,Spring,23,Cloudy,86,17,17,8,12,8
2023-03-25,Saturday,0,Spring,26,Cloudy,133,26,26,13,19,13
2023-03-26,Sunday,0,Spring,40,Snowy,35,7,7,8,5,3
2023-03-27,Monday,0,Spring,18,Sunny,61,12,12,6,9,6
2023-03-28,Tuesday,0,Spring,23,Rainy,86,17,17,8,12,17
2023-03-29,Wednesday,0,Spring,16,Foggy,60,12,12,15,9,12
2023-03-30,Thursday,0,Spring,16,Rainy,135,27,27,13,20,27
2023-03-31,Friday,0,Spring,25,Cloudy,119,23,23,11,17,11
2023-04-01,Saturday,0,Spring,30,Cloudy,150,30,30,15,22,15
2023-04-02,Sunday,0,Spring,27,Cloudy,84,16,16,8,12,8
2023-04-03,Monday,0,Spring,39,Rainy,117,23,23,11,17,23
2023-04-04,Tuesday,0,Spring,20,Snowy,155,31,31,38,23,15
2023-04-05,Wednesday,0,Spring,28,Foggy,88,17,17,22,13,17
2023-04-06,Thursday,0,Spring,35,Rainy,81,16,16,8,12,16
2023-04-07,Friday,0,Spring,20,Sunny,52,10,10,5,7,5
2023-04-08,Saturday,0,Spring,19,Cloudy,79,15,15,7,11,7
2023-04-09,Sunday,0,Spring,23,Snowy,121,24,24,30,18,12
2023-04-10,Monday,0,Spring,39,Rainy,158,31,31,15,23,31
2023-04-11,Tuesday,0,Spring,33,Foggy,143,28,28,35,21,28
2023-04-12,Wednesday,0,Spring,18,Sunny,77,15,15,7,11,7
2023-04-13,Thursday,0,Spring,19,Foggy,98,19,19,24,14,19
2023-04-14,Friday,0,Spring,31,Rainy,65,13,13,6,9,13
2023-04-15,Saturday,0,Spring,23,Foggy,157,31,31,39,23,31
2023-04-16,Sunday,0,Spring,37,Foggy,112,22,22,28,16,22
2023-04-17,Monday,0,Spring,26,Snowy,156,31,31,39,23,15
2023-04-18,Tuesday,0,Spring,34,Cloudy,62,12,12,6,9,6
2023-04-19,Wednesday,0,Spring,21,Snowy,169,33,33,42,25,16
2023-04-20,Thursday,0,Spring,22,Foggy,175,35,35,43,26,35
2023-04-21,Friday,0,Spring,17,Foggy,100,20,20,25,15,20
2023-04-22,Saturday,0,Spring,29,Snowy,146,29,29,36,21,14
2023-04-23,Sunday,0,Spring,38,Snowy,101,20,20,25,15,10
2023-04-24,Monday,0,Spring,28,Sunny,144,28,28,14,21,14
2023-04-25,Tuesday,0,Spring,34,Rainy,99,19,19,9,14,19
2023-04-26,Wednesday,0,Spring,21,Cloudy,151,30,30,15,22,15
2023-04-27,Thursday,0,Spring,26,Snowy,143,28,28,35,21,14
2023-04-28,Friday,0,Spring,24,Rainy,104,20,20,10,15,20
2023-04-29,Saturday,0,Spring,23,Cloudy,108,21,21,10,16,10
2023-04-30,Sunday,0,Spring,35,Cloudy,131,26,26,13,19,13
2023-05-01,Monday,0,Summer,25,Rainy,93,18,18,9,13,18
2023-05-02,Tuesday,0,Summer,28,Sunny,185,37,37,18,27,18
2023-05-03,Wednesday,0,Summer,25,Cloudy,151,30,30,15,22,15
2023-05-04,Thursday,0,Summer,25,Rainy,71,14,14,7,10,14
2023-05-05,Friday,0,Summer,23,Snowy,51,10,10,12,7,5
2023-05-06,Saturday,0,Summer,30,Cloudy,123,24,24,12,18,12
2023-05-07,Sunday,0,Summer,29,Snowy,67,13,13,16,10,6
2023-05-08,Monday,0,Summer,23,Snowy,111,22,22,27,16,11
2023-05-09,Tuesday,0,Summer,32,Snowy,111,22,22,27,16,11
2023-05-10,Wednesday,0,Summer,25,Sunny,52,10,10,5,7,5
2023-05-11,Thursday,0,Summer,38,Sunny,56,11,11,5,8,5
2023-05-12,Friday,0,Summer,18,Rainy,130,26,26,13,19,26
2023-05-13,Saturday,0,Summer,19,Snowy,90,18,18,22,13,9
2023-05-14,Sunday,0,Summer,28,Foggy,42,8,8,10,6,8
2023-05-15,Monday,0,Summer,31,Rainy,70,14,14,7,10,14
2023-05-16,Tuesday,0,Summer,39,Cloudy,56,11,11,5,8,5
2023-05-17,Wednesday,0,Summer,24,Rainy,174,34,34,17,26,34
2023-05-18,Thursday,0,Summer,38,Foggy,121,24,24,30,18,24
2023-05-19,Friday,0,Summer,22,Sunny,131,26,26,13,19,13
2023-05-20,Saturday,0,Summer,32,Cloudy,134,26,26,13,20,13
2023-05-21,Sunday,0,Summer,23,Cloudy,102,20,20,10,15,10
2023-05-22,Monday,0,Summer,25,Sunny,75,15,15,7,11,7
2023-05-23,Tuesday,0,Summer,23,Foggy,51,10,10,12,7,10
2023-05-24,Wednesday,0,Summer,37,Rainy,57,11,11,5,8,11
2023-05-25,Thursday,0,Summer,38,Snowy,135,27,27,33,20,13
2023-05-26,Friday,0,Summer,21,Cloudy,65,13,13,6,9,6
2023-05-27,Saturday,0,Summer,35,Foggy,160,32,32,40,24,32
2023-05-28,Sunday,0,Summer,23,Cloudy,81,16,16,8,12,8
2023-05-29,Monday,0,Summer,36,Sunny,63,12,12,6,9,6
2023-05-30,Tuesday,0,Summer,19,Snowy,182,36,36,45,27,18
2023-05-31,Wednesday,0,Summer,38,Sunny,178,35,35,17,26,17
2023-06-01,Thursday,0,Summer,18,Cloudy,117,23,23,11,17,11
2023-06-02,Friday,0,Summer,31,Cloudy,106,21,21,10,15,10
2023-06-03,Saturday,0,Summer,18,Foggy,107,21,21,26,16,21
2023-06-04,Sunday,0,Summer,18,Cloudy,53,10,10,5,7,5
2023-06-05,Monday,0,Summer,29,Sunny,141,28,28,14,21,14
2023-06-06,Tuesday,0,Summer,37,Cloudy,145,29,29,14,21,14
2023-06-07,Wednesday,0,Summer,31,Sunny,80,16,16,8,12,8
2023-06-08,Thursday,0,Summer,36,Foggy,84,16,16,21,12,16
2023-06-09,Friday,0,Summer,18,Snowy,120,24,24,30,18,12
2023-06-10,Saturday,0,Summer,20,Foggy,122,24,24,30,18,24
2023-06-11,Sunday,0,Summer,22,Cloudy,44,8,8,4,6,4
2023-06-12,Monday,0,Summer,29,Cloudy,126,25,25,12,18,12
2023-06-13,Tuesday,0,Summer,16,Snowy,82,16,16,20,12,8
2023-06-14,Wednesday,0,Summer,37,Cloudy,140,28,28,14,21,14
2023-06-15,Thursday,0,Summer,31,Rainy,112,22,22,11,16,22
2023-06-16,Friday,0,Summer,23,Sunny,75,15,15,7,11,7
2023-06-17,Saturday,0,Summer,38,Rainy,73,14,14,7,10,14
2023-06-18,Sunday,0,Summer,17,Rainy,77,15,15,7,11,15
2023-06-19,Monday,0,Summer,24,Cloudy,119,23,23,11,17,11
2023-06-20,Tuesday,0,Summer,37,Rainy,52,10,10,5,7,10
2023-06-21,Wednesday,0,Summer,16,Foggy,58,11,11,14,8,11
2023-06-22,Thursday,0,Summer,29,Rainy,107,21,21,10,16,21
2023-06-23,Friday,0,Summer,33,Cloudy,144,28,28,14,21,14
2023-06-24,Saturday,0,Summer,19,Snowy,68,13,13,17,10,6
2023-06-25,Sunday,0,Summer,33,Sunny,133,26,26,13,19,13
2023-06-26,Monday,0,Summer,18,Rainy,190,38,38,19,28,38
2023-06-27,Tuesday,0,Summer,38,Sunny,174,34,34,17,26,17
2023-06-28,Wednesday,0,Summer,38,Cloudy,198,39,39,19,29,19
2023-06-29,Thursday,0,Summer,29,Snowy,110,22,22,27,16,11
2023-06-30,Friday,0,Summer,35,Rainy,90,18,18,9,13,18
2023-07-01,Saturday,0,Monsoon,29,Rainy,166,33,33,16,49,33
2023-07-02,Sunday,0,Monsoon,34,Foggy,109,18,18,24,28,18
2023-07-03,Monday,0,Monsoon,30,Sunny,164,32,32,16,49,16
2023-07-04,Tuesday,0,Monsoon,35,Rainy,181,36,36,18,54,36
2023-07-05,Wednesday,0,Monsoon,18,Foggy,121,21,21,26,31,21
2023-07-06,Thursday,0,Monsoon,30,Rainy,51,10,10,5,15,10
2023-07-07,Friday,0,Monsoon,40,Snowy,191,36,36,45,54,18
2023-07-08,Saturday,0,Monsoon,17,Foggy,166,28,28,36,43,28
2023-07-09,Sunday,0,Monsoon,31,Cloudy,119,23,23,11,35,11
2023-07-10,Monday,0,Monsoon,34,Foggy,146,25,25,31,37,25
2023-07-11,Tuesday,0,Monsoon,40,Snowy,119,22,22,28,34,10
2023-07-12,Wednesday,0,Monsoon,39,Snowy,58,11,11,14,17,5
2023-07-13,Thursday,0,Monsoon,16,Snowy,119,22,22,28,34,10
2023-07-14,Friday,0,Monsoon,40,Foggy,72,12,12,16,18,12
2023-07-15,Saturday,0,Monsoon,15,Sunny,47,9,9,4,14,4
2023-07-16,Sunday,0,Monsoon,24,Cloudy,104,20,20,10,31,10
2023-07-17,Monday,0,Monsoon,39,Cloudy,159,31,31,15,47,15
2023-07-18,Tuesday,0,Monsoon,16,Rainy,169,33,33,16,50,33
2023-07-19,Wednesday,0,Monsoon,29,Snowy,64,11,11,15,18,5
2023-07-20,Thursday,0,Monsoon,27,Rainy,111,22,22,11,33,22
2023-07-21,Friday,0,Monsoon,34,Rainy,156,31,31,15,46,31
2023-07-22,Saturday,0,Monsoon,26,Snowy,60,11,11,14,17,5
2023-07-23,Sunday,0,Monsoon,27,Snowy,58,11,11,14,17,5
2023-07-24,Monday,0,Monsoon,16,Rainy,99,19,19,9,29,19
2023-07-25,Tuesday,0,Monsoon,29,Foggy,109,18,18,24,28,18
2023-07-26,Wednesday,0,Monsoon,23,Snowy,198,37,37,47,56,18
2023-07-27,Thursday,0,Monsoon,21,Sunny,104,20,20,10,31,10
2023-07-28,Friday,0,Monsoon,33,Foggy,148,25,25,32,38,25
2023-07-29,Saturday,0,Monsoon,22,Foggy,69,11,11,15,18,11
2023-07-30,Sunday,0,Monsoon,26,Snowy,132,25,25,31,37,12
2023-07-31,Monday,0,Monsoon,23,Foggy,66,11,11,14,16,11
2023-08-01,Tuesday,0,Monsoon,27,Cloudy,193,38,38,19,57,19
2023-08-02,Wednesday,0,Monsoon,22,Cloudy,59,11,11,5,17,5
2023-08-03,Thursday,0,Monsoon,31,Foggy,62,10,10,13,16,10
2023-08-04,Friday,0,Monsoon,37,Snowy,101,19,19,24,28,9
2023-08-05,Saturday,0,Monsoon,30,Foggy,155,27,27,33,40,27
2023-08-06,Sunday,0,Monsoon,33,Sunny,91,18,18,9,27,9
2023-08-07,Monday,0,Monsoon,25,Rainy,91,18,18,9,27,18
2023-08-08,Tuesday,0,Monsoon,35,Sunny,85,17,17,8,25,8
2023-08-09,Wednesday,0,Monsoon,36,Sunny,83,16,16,8,24,8
2023-08-10,Thursday,0,Monsoon,24,Rainy,170,34,34,17,51,34
2023-08-11,Friday,0,Monsoon,29,Rainy,151,30,30,15,45,30
2023-08-12,Saturday,0,Monsoon,21,Snowy,163,31,31,38,46,15
2023-08-13,Sunday,0,Monsoon,31,Sunny,91,18,18,9,27,9
2023-08-14,Monday,0,Monsoon,20,Foggy,195,34,34,41,50,34
2023-08-15,Tuesday,1,Monsoon,17,Snowy,100,19,19,23,28,9
2023-08-16,Wednesday,0,Monsoon,31,Cloudy,119,23,23,11,35,11
2023-08-17,Thursday,0,Monsoon,30,Snowy,82,15,15,19,23,7
2023-08-18,Friday,0,Monsoon,22,Foggy,105,18,18,22,27,18
2023-08-19,Saturday,0,Monsoon,22,Sunny,85,17,17,8,25,8
2023-08-20,Sunday,0,Monsoon,21,Rainy,123,24,24,12,36,24
2023-08-21,Monday,0,Monsoon,32,Sunny,142,28,28,14,42,14
2023-08-22,Tuesday,0,Monsoon,20,Foggy,111,19,19,23,29,19
2023-08-23,Wednesday,0,Monsoon,28,Rainy,126,25,25,12,37,25
2023-08-24,Thursday,0,Monsoon,25,Foggy,51,8,8,10,13,8
2023-08-25,Friday,0,Monsoon,35,Sunny,190,38,38,19,57,19
2023-08-26,Saturday,0,Monsoon,38,Foggy,63,10,10,13,16,10
2023-08-27,Sunday,0,Monsoon,33,Snowy,84,15,15,20,24,7
2023-08-28,Monday,0,Monsoon,40,Foggy,194,33,33,42,51,33
2023-08-29,Tuesday,0,Monsoon,21,Snowy,100,19,19,23,28,9
2023-08-30,Wednesday,0,Monsoon,29,Foggy,189,32,32,41,49,32
2023-08-31,Thursday,0,Monsoon,39,Foggy,181,31,31,39,47,31
2023-09-01,Friday,0,Autumn,18,Sunny,189,37,37,18,28,18
2023-09-02,Saturday,0,Autumn,29,Sunny,124,24,24,12,18,12
2023-09-03,Sunday,0,Autumn,36,Rainy,72,14,14,7,10,14
2023-09-04,Monday,0,Autumn,38,Snowy,167,33,33,41,25,16
2023-09-05,Tuesday,0,Autumn,19,Sunny,139,27,27,13,20,13
2023-09-06,Wednesday,0,Autumn,32,Sunny,87,17,17,8,13,8
2023-09-07,Thursday,0,Autumn,20,Snowy,130,26,26,32,19,13
2023-09-08,Friday,0,Autumn,21,Snowy,69,13,13,17,10,6
2023-09-09,Saturday,0,Autumn,19,Sunny,62,12,12,6,9,6
2023-09-10,Sunday,0,Autumn,29,Foggy,89,17,17,22,13,17
2023-09-11,Monday,0,Autumn,20,Cloudy,143,28,28,14,21,14
2023-09-12,Tuesday,0,Autumn,27,Cloudy,103,20,20,10,15,10
2023-09-13,Wednesday,0,Autumn,36,Snowy,115,23,23,28,17,11
2023-09-14,Thursday,0,Autumn,27,Rainy,199,39,39,19,29,39
2023-09-15,Friday,0,Autumn,38,Sunny,78,15,15,7,11,7
2023-09-16,Saturday,0,Autumn,20,Snowy,153,30,30,38,22,15
2023-09-17,Sunday,0,Autumn,19,Sunny,49,9,9,4,7,4
2023-09-18,Monday,0,Autumn,25,Cloudy,74,14,14,7,11,7
2023-09-19,Tuesday,0,Autumn,37,Foggy,168,33,33,42,25,33
2023-09-20,Wednesday,0,Autumn,23,Cloudy,157,31,31,15,23,15
2023-09-21,Thursday,0,Autumn,19,Cloudy,140,28,28,14,21,14
2023-09-22,Friday,0,Autumn,28,Snowy,187,37,37,46,28,18
2023-09-23,Saturday,0,Autumn,20,Snowy,137,27,27,34,20,13
2023-09-24,Sunday,0,Autumn,27,Foggy,123,24,24,30,18,24
2023-09-25,Monday,0,Autumn,23,Snowy,142,28,28,35,21,14
2023-09-26,Tuesday,0,Autumn,32,Snowy,117,23,23,29,17,11
2023-09-27,Wednesday,0,Autumn,32,Foggy,180,36,36,45,27,36
2023-09-28,Thursday,0,Autumn,40,Foggy,96,19,19,24,14,19
2023-09-29,Friday,0,Autumn,30,Cloudy,107,21,21,10,16,10
2023-09-30,Saturday,0,Autumn,28,Cloudy,51,10,10,5,7,5
2023-10-01,Sunday,0,Autumn,15,Rainy,124,24,24,12,18,24
2023-10-02,Monday,0,Autumn,25,Snowy,87,17,17,21,13,8
2023-10-03,Tuesday,0,Autumn,29,Foggy,107,21,21,26,16,21
2023-10-04,Wednesday,0,Autumn,27,Rainy,180,36,36,18,27,36
2023-10-05,Thursday,0,Autumn,35,Sunny,140,28,28,14,21,14
2023-10-06,Friday,0,Autumn,21,Foggy,111,22,22,27,16,22
2023-10-07,Saturday,0,Autumn,38,Sunny,56,11,11,5,8,5
2023-10-08,Sunday,0,Autumn,21,Snowy,42,8,8,10,6,4
2023-10-09,Monday,0,Autumn,27,Cloudy,80,16,16,8,12,8
2023-10-10,Tuesday,0,Autumn,29,Cloudy,72,14,14,7,10,7
2023-10-11,Wednesday,0,Autumn,22,Sunny,54,10,10,5,8,5
2023-10-12,Thursday,0,Autumn,27,Sunny,107,21,21,10,16,10
2023-10-13,Friday,0,Autumn,27,Sunny,102,20,20,10,15,10
2023-10-14,Saturday,0,Autumn,18,Sunny,118,23,23,11,17,11
2023-10-15,Sunday,0,Autumn,18,Cloudy,43,8,8,4,6,4
2023-10-16,Monday,0,Autumn,30,Rainy,84,16,16,8,12,16
2023-10-17,Tuesday,0,Autumn,34,Sunny,127,25,25,12,19,12
2023-10-18,Wednesday,0,Autumn,38,Snowy,186,37,37,46,27,18
2023-10-19,Thursday,0,Autumn,30,Rainy,165,33,33,16,24,33
2023-10-20,Friday,0,Autumn,20,Foggy,179,35,35,44,26,35
2023-10-21,Saturday,0,Autumn,16,Sunny,90,18,18,9,13,9
2023-10-22,Sunday,0,Autumn,39,Rainy,76,15,15,7,11,15
2023-10-23,Monday,0,Autumn,22,Snowy,71,14,14,17,10,7
2023-10-24,Tuesday,0,Autumn,35,Sunny,163,32,32,16,24,16
2023-10-25,Wednesday,0,Autumn,28,Rainy,127,25,25,12,19,25
2023-10-26,Thursday,0,Autumn,26,Rainy,157,31,31,15,23,31
2023-10-27,Friday,0,Autumn,39,Snowy,70,14,14,17,10,7
2023-10-28,Saturday,0,Autumn,27,Cloudy,62,12,12,6,9,6
2023-10-29,Sunday,0,Autumn,36,Rainy,67,13,13,6,10,13
2023-10-30,Monday,0,Autumn,25,Snowy,64,12,12,16,9,6
2023-10-31,Tuesday,0,Autumn,19,Cloudy,56,11,11,5,8,5
2023-11-01,Wednesday,0,Pre-Winter,33,Snowy,83,16,24,20,12,8
2023-11-02,Thursday,0,Pre-Winter,26,Cloudy,89,17,26,8,13,8
2023-11-03,Friday,0,Pre-Winter,20,Cloudy,168,33,50,16,25,16
2023-11-04,Saturday,0,Pre-Winter,13,Cloudy,106,21,31,10,15,10
2023-11-05,Sunday,0,Pre-Winter,3,Cloudy,38,7,11,3,5,3
2023-11-06,Monday,0,Pre-Winter,0,Rainy,98,19,29,9,14,19
2023-11-07,Tuesday,0,Pre-Winter,0,Snowy,190,38,57,47,28,19
2023-11-08,Wednesday,0,Pre-Winter,16,Snowy,160,32,48,40,24,16
2023-11-09,Thursday,0,Pre-Winter,5,Sunny,156,31,46,15,23,15
2023-11-10,Friday,0,Pre-Winter,1,Rainy,194,38,58,19,29,38
2023-11-11,Saturday,0,Pre-Winter,4,Snowy,75,15,22,18,11,7
2023-11-12,Sunday,0,Pre-Winter,11,Snowy,39,7,11,9,5,3
2023-11-13,Monday,0,Pre-Winter,-4,Foggy,144,25,39,33,19,25
2023-11-14,Tuesday,0,Pre-Winter,30,Snowy,90,18,27,22,13,9
2023-11-15,Wednesday,0,Pre-Winter,13,Rainy,159,31,47,15,23,31
2023-11-16,Thursday,0,Pre-Winter,0,Cloudy,76,15,22,7,11,7
2023-11-17,Friday,0,Pre-Winter,23,Snowy,72,14,21,18,10,7
2023-11-18,Saturday,0,Pre-Winter,21,Rainy,57,11,17,5,8,11
2023-11-19,Sunday,0,Pre-Winter,16,Sunny,136,27,40,13,20,13
2023-11-20,Monday,0,Pre-Winter,10,Snowy,127,25,38,31,19,12
2023-11-21,Tuesday,0,Pre-Winter,1,Rainy,93,18,27,9,13,18
2023-11-22,Wednesday,0,Pre-Winter,8,Cloudy,57,11,17,5,8,5
2023-11-23,Thursday,0,Pre-Winter,13,Cloudy,138,27,41,13,20,13
2023-11-24,Friday,0,Pre-Winter,35,Foggy,74,13,20,16,10,13
2023-11-25,Saturday,0,Pre-Winter,2,Sunny,90,18,27,9,13,9
2023-11-26,Sunday,0,Pre-Winter,11,Foggy,135,24,36,30,18,24
2023-11-27,Monday,0,Pre-Winter,30,Sunny,160,32,48,16,24,16
2023-11-28,Tuesday,0,Pre-Winter,23,Foggy,55,10,14,12,7,10
2023-11-29,Wednesday,0,Pre-Winter,10,Snowy,83,16,24,20,12,8
2023-11-30,Thursday,0,Pre-Winter,19,Sunny,79,15,23,7,11,7
2023-12-01,Friday,0,Winter,5,Rainy,154,53,40,13,20,26
2023-12-02,Saturday,0,Winter,4,Rainy,160,55,41,13,20,27
2023-12-03,Sunday,0,Winter,10,Sunny,67,25,19,5,9,5
2023-12-04,Monday,0,Winter,-3,Rainy,143,50,37,12,18,24
2023-12-05,Tuesday,0,Winter,16,Foggy,195,60,44,37,22,30
2023-12-06,Wednesday,0,Winter,21,Rainy,54,18,14,4,7,9
2023-12-07,Thursday,0,Winter,23,Rainy,198,69,51,16,25,34
2023-12-08,Friday,0,Winter,1,Rainy,111,38,29,9,14,19
2023-12-09,Saturday,0,Winter,-2,Sunny,124,47,35,11,17,11
2023-12-10,Sunday,0,Winter,11,Foggy,137,42,31,26,15,21
2023-12-11,Monday,0,Winter,20,Rainy,177,61,46,14,22,30
2023-12-12,Tuesday,0,Winter,32,Cloudy,128,49,36,11,18,11
2023-12-13,Wednesday,0,Winter,16,Foggy,189,58,43,36,21,28
2023-12-14,Thursday,0,Winter,26,Sunny,125,48,35,11,17,11
2023-12-15,Friday,0,Winter,20,Rainy,106,37,27,8,13,18
2023-12-16,Saturday,0,Winter,13,Foggy,156,48,35,30,17,24
2023-12-17,Sunday,0,Winter,18,Sunny,43,17,12,4,6,4
2023-12-18,Monday,0,Winter,17,Sunny,145,56,41,13,20,13
2023-12-19,Tuesday,0,Winter,15,Rainy,83,29,21,7,10,14
2023-12-20,Wednesday,0,Winter,5,Cloudy,158,61,45,14,22,14
2023-12-21,Thursday,0,Winter,14,Foggy,169,52,38,32,19,25
2023-12-22,Friday,0,Winter,26,Rainy,56,19,14,4,7,9
2023-12-23,Saturday,0,Winter,0,Cloudy,51,19,14,4,6,4
2023-12-24,Sunday,0,Winter,13,Sunny,54,20,15,4,7,4
2023-12-25,Monday,1,Winter,2,Sunny,48,19,14,4,7,4
2023-12-26,Tuesday,0,Winter,-4,Foggy,195,60,44,37,22,30
2023-12-27,Wednesday,0,Winter,21,Foggy,82,25,18,15,9,12
2023-12-28,Thursday,0,Winter,-4,Snowy,87,29,22,17,11,6
2023-12-29,Friday,0,Winter,28,Foggy,94,28,21,18,10,14
2023-12-30,Saturday,0,Winter,7,Sunny,53,21,15,5,7,5
2023-12-31,Sunday,0,Winter,25,Sunny,71,27,20,6,9,6
2024-01-01,Monday,1,Winter,6,Snowy,72,24,18,15,8,6
2024-01-02,Tuesday,0,Winter,-2,Foggy,89,27,20,17,10,13
2024-01-03,Wednesday,0,Winter,16,Foggy,186,57,42,35,21,28
2024-01-04,Thursday,0,Winter,1,Rainy,138,48,36,11,17,23
2024-01-05,Friday,0,Winter,7,Snowy,153,51,38,32,18,12
2024-01-06,Saturday,0,Winter,5,Cloudy,150,57,42,14,21,14
2024-01-07,Sunday,0,Winter,14,Snowy,113,38,28,23,13,9
2024-01-08,Monday,0,Winter,1,Sunny,107,40,31,9,15,9
2024-01-09,Tuesday,0,Winter,30,Rainy,74,25,19,6,9,12
2024-01-10,Wednesday,0,Winter,26,Snowy,138,46,34,28,16,11
2024-01-11,Thursday,0,Winter,15,Snowy,112,37,28,23,13,9
2024-01-12,Friday,0,Winter,22,Cloudy,190,72,54,18,26,18
2024-01-13,Saturday,0,Winter,16,Foggy,81,24,18,15,9,12
2024-01-14,Sunday,0,Winter,24,Cloudy,35,14,10,3,5,3
2024-01-15,Monday,0,Winter,2,Snowy,139,46,34,28,17,11
2024-01-16,Tuesday,0,Winter,1,Sunny,83,32,23,7,11,7
2024-01-17,Wednesday,0,Winter,13,Sunny,75,29,21,6,10,6
2024-01-18,Thursday,0,Winter,12,Cloudy,147,56,42,13,21,13
2024-01-19,Friday,0,Winter,26,Foggy,91,28,21,17,10,14
2024-01-20,Saturday,0,Winter,29,Snowy,157,52,39,32,19,12
2024-01-21,Sunday,0,Winter,14,Snowy,111,37,27,22,13,9
2024-01-22,Monday,0,Winter,25,Rainy,185,64,48,15,23,32
2024-01-23,Tuesday,0,Winter,20,Foggy,92,28,21,18,10,14
2024-01-24,Wednesday,0,Winter,21,Foggy,189,58,43,36,21,28
2024-01-25,Thursday,0,Winter,13,Rainy,62,21,16,5,8,10
2024-01-26,Friday,1,Winter,33,Sunny,35,14,10,3,5,3
2024-01-27,Saturday,0,Winter,24,Rainy,84,29,22,7,10,14
2024-01-28,Sunday,0,Winter,18,Snowy,107,35,27,22,13,8
2024-01-29,Monday,0,Winter,4,Cloudy,161,61,46,15,23,15
2024-01-30,Tuesday,0,Winter,15,Snowy,166,55,41,34,20,13
2024-01-31,Wednesday,0,Winter,-1,Cloudy,82,31,23,7,11,7
2024-02-01,Thursday,0,Winter,17,Cloudy,185,71,52,17,26,17
2024-02-02,Friday,0,Winter,28,Cloudy,159,61,45,14,22,14
2024-02-03,Saturday,0,Winter,27,Snowy,108,36,27,22,13,8
2024-02-04,Sunday,0,Winter,26,Sunny,53,21,15,5,7,5
2024-02-05,Monday,0,Winter,8,Cloudy,104,39,30,9,14,9
2024-02-06,Tuesday,0,Winter,35,Cloudy,148,57,42,13,21,13
2024-02-07,Wednesday,0,Winter,5,Cloudy,119,46,34,10,16,10
2024-02-08,Thursday,0,Winter,20,Foggy,106,32,24,20,11,16
2024-02-09,Friday,0,Winter,4,Rainy,152,53,39,13,19,26
2024-02-10,Saturday,0,Winter,10,Rainy,107,37,28,8,14,18
2024-02-11,Sunday,0,Winter,27,Foggy,66,20,15,12,7,10
2024-02-12,Monday,0,Winter,23,Snowy,51,17,12,10,6,4
2024-02-13,Tuesday,0,Winter,26,Rainy,179,62,46,15,23,31
2024-02-14,Wednesday,0,Winter,11,Foggy,85,26,19,16,9,13
2024-02-15,Thursday,0,Winter,-5,Rainy,114,39,30,9,15,19
2024-02-16,Friday,0,Winter,16,Sunny,163,62,46,15,23,15
2024-02-17,Saturday,0,Winter,29,Snowy,74,24,18,15,9,5
2024-02-18,Sunday,0,Winter,6,Foggy,128,39,29,24,14,19
2024-02-19,Monday,0,Winter,3,Snowy,107,35,27,22,13,8
2024-02-20,Tuesday,0,Winter,19,Snowy,85,28,21,17,10,6
2024-02-21,Wednesday,0,Winter,0,Snowy,82,27,20,17,10,6
2024-02-22,Thursday,0,Winter,27,Rainy,56,19,14,4,7,9
2024-02-23,Friday,0,Winter,28,Foggy,131,40,30,24,14,20
2024-02-24,Saturday,0,Winter,17,Foggy,113,35,25,21,12,17
2024-02-25,Sunday,0,Winter,19,Rainy,106,37,27,8,13,18
2024-02-26,Monday,0,Winter,34,Cloudy,134,51,38,12,19,12
2024-02-27,Tuesday,0,Winter,30,Rainy,178,62,46,14,22,30
2024-02-28,Wednesday,0,Winter,18,Rainy,111,38,29,9,14,19
2024-02-29,Thursday,0,Winter,5,Snowy,143,48,35,29,17,11
2024-03-01,Friday,0,Spring,33,Foggy,174,34,34,43,26,34
2024-03-02,Saturday,0,Spring,35,Rainy,131,26,26,13,19,26
2024-03-03,Sunday,0,Spring,21,Foggy,116,23,23,29,17,23
2024-03-04,Monday,0,Spring,28,Cloudy,184,36,36,18,27,18
2024-03-05,Tuesday,0,Spring,37,Sunny,104,20,20,10,15,10
2024-03-06,Wednesday,0,Spring,32,Foggy,143,28,28,35,21,28
2024-03-07,Thursday,0,Spring,28,Rainy,138,27,27,13,20,27
2024-03-08,Friday,0,Spring,25,Foggy,127,25,25,31,19,25
2024-03-09,Saturday,0,Spring,37,Snowy,169,33,33,42,25,16
2024-03-10,Sunday,0,Spring,19,Snowy,83,16,16,20,12,8
2024-03-11,Monday,0,Spring,28,Foggy,83,16,16,20,12,16
2024-03-12,Tuesday,0,Spring,35,Cloudy,121,24,24,12,18,12
2024-03-13,Wednesday,0,Spring,21,Sunny,100,20,20,10,15,10
2024-03-14,Thursday,0,Spring,38,Snowy,70,14,14,17,10,7
2024-03-15,Friday,0,Spring,32,Rainy,87,17,17,8,13,17
2024-03-16,Saturday,0,Spring,18,Rainy,136,27,27,13,20,27
2024-03-17,Sunday,0,Spring,32,Foggy,139,27,27,34,20,27
2024-03-18,Monday,0,Spring,22,Rainy,136,27,27,13,20,27
2024-03-19,Tuesday,0,Spring,37,Rainy,162,32,32,16,24,32
2024-03-20,Wednesday,0,Spring,39,Sunny,155,31,31,15,23,15
2024-03-21,Thursday,0,Spring,18,Foggy,86,17,17,21,12,17
2024-03-22,Friday,0,Spring,34,Foggy,111,22,22,27,16,22
2024-03-23,Saturday,0,Spring,16,Foggy,160,32,32,40,24,32
2024-03-24,Sunday,0,Spring,19,Snowy,98,19,19,24,14,9
2024-03-25,Monday,0,Spring,32,Rainy,144,28,28,14,21,28
2024-03-26,Tuesday,0,Spring,34,Cloudy,167,33,33,16,25,16
2024-03-27,Wednesday,0,Spring,31,Snowy,109,21,21,27,16,10
2024-03-28,Thursday,0,Spring,30,Sunny,147,29,29,14,22,14
2024-03-29,Friday,0,Spring,32,Foggy,166,33,33,41,24,33
2024-03-30,Saturday,0,Spring,17,Foggy,107,21,21,26,16,21
2024-03-31,Sunday,0,Spring,40,Sunny,118,23,23,11,17,11
2024-04-01,Monday,0,Spring,26,Cloudy,96,19,19,9,14,9
2024-04-02,Tuesday,0,Spring,37,Sunny,173,34,34,17,25,17
2024-04-03,Wednesday,0,Spring,33,Foggy,58,11,11,14,8,11
2024-04-04,Thursday,0,Spring,28,Snowy,140,28,28,35,21,14
2024-04-05,Friday,0,Spring,17,Foggy,138,27,27,34,20,27
2024-04-06,Saturday,0,Spring,23,Cloudy,153,30,30,15,22,15
2024-04-07,Sunday,0,Spring,23,Foggy,44,8,8,11,6,8
2024-04-08,Monday,0,Spring,35,Cloudy,168,33,33,16,25,16
2024-04-09,Tuesday,0,Spring,28,Foggy,186,37,37,46,27,37
2024-04-10,Wednesday,0,Spring,26,Snowy,131,26,26,32,19,13
2024-04-11,Thursday,0,Spring,30,Rainy,71,14,14,7,10,14
2024-04-12,Friday,0,Spring,29,Cloudy,148,29,29,14,22,14
2024-04-13,Saturday,0,Spring,17,Cloudy,63,12,12,6,9,6
2024-04-14,Sunday,0,Spring,39,Rainy,117,23,23,11,17,23
2024-04-15,Monday,0,Spring,24,Cloudy,176,35,35,17,26,17
2024-04-16,Tuesday,0,Spring,24,Sunny,81,16,16,8,12,8
2024-04-17,Wednesday,0,Spring,32,Sunny,115,23,23,11,17,11
2024-04-18,Thursday,0,Spring,37,Sunny,60,12,12,6,9,6
2024-04-19,Friday,0,Spring,33,Rainy,81,16,16,8,12,16
2024-04-20,Saturday,0,Spring,35,Rainy,141,28,28,14,21,28
2024-04-21,Sunday,0,Spring,36,Rainy,44,8,8,4,6,8
2024-04-22,Monday,0,Spring,18,Rainy,86,17,17,8,12,17
2024-04-23,Tuesday,0,Spring,23,Cloudy,125,25,25,12,18,12
2024-04-24,Wednesday,0,Spring,32,Sunny,173,34,34,17,25,17
2024-04-25,Thursday,0,Spring,33,Snowy,106,21,21,26,15,10
2024-04-26,Friday,0,Spring,40,Sunny,182,36,36,18,27,18
2024-04-27,Saturday,0,Spring,39,Foggy,155,31,31,38,23,31
2024-04-28,Sunday,0,Spring,35,Snowy,96,19,19,24,14,9
2024-04-29,Monday,0,Spring,32,Cloudy,74,14,14,7,11,7
2024-04-30,Tuesday,0,Spring,16,Cloudy,197,39,39,19,29,19
2024-05-01,Wednesday,0,Summer,25,Rainy,126,25,25,12,18,25
2024-05-02,Thursday,0,Summer,17,Snowy,52,10,10,13,7,5
2024-05-03,Friday,0,Summer,32,Sunny,105,21,21,10,15,10
2024-05-04,Saturday,0,Summer,19,Foggy,79,15,15,19,11,15
2024-05-05,Sunday,0,Summer,37,Cloudy,98,19,19,9,14,9
2024-05-06,Monday,0,Summer,15,Cloudy,84,16,16,8,12,8
2024-05-07,Tuesday,0,Summer,16,Sunny,141,28,28,14,21,14
2024-05-08,Wednesday,0,Summer,39,Sunny,111,22,22,11,16,11
2024-05-09,Thursday,0,Summer,30,Foggy,75,15,15,18,11,15
2024-05-10,Friday,0,Summer,32,Foggy,163,32,32,40,24,32
2024-05-11,Saturday,0,Summer,22,Foggy,125,25,25,31,18,25
2024-05-12,Sunday,0,Summer,32,Cloudy,67,13,13,6,10,6
2024-05-13,Monday,0,Summer,37,Snowy,73,14,14,18,10,7
2024-05-14,Tuesday,0,Summer,32,Cloudy,105,21,21,10,15,10
2024-05-15,Wednesday,0,Summer,33,Rainy,63,12,12,6,9,12
2024-05-16,Thursday,0,Summer,29,Foggy,152,30,30,38,22,30
2024-05-17,Friday,0,Summer,21,Sunny,95,19,19,9,14,9
2024-05-18,Saturday,0,Summer,34,Cloudy,102,20,20,10,15,10
2024-05-19,Sunday,0,Summer,37,Snowy,49,9,9,12,7,4
2024-05-20,Monday,0,Summer,23,Sunny,104,20,20,10,15,10
2024-05-21,Tuesday,0,Summer,31,Foggy,76,15,15,19,11,15
2024-05-22,Wednesday,0,Summer,30,Rainy,129,25,25,12,19,25
2024-05-23,Thursday,0,Summer,40,Rainy,191,38,38,19,28,38
2024-05-24,Friday,0,Summer,24,Cloudy,102,20,20,10,15,10
2024-05-25,Saturday,0,Summer,23,Cloudy,67,13,13,6,10,6
2024-05-26,Sunday,0,Summer,17,Sunny,67,13,13,6,10,6
2024-05-27,Monday,0,Summer,33,Rainy,103,20,20,10,15,20
2024-05-28,Tuesday,0,Summer,27,Sunny,72,14,14,7,10,7
2024-05-29,Wednesday,0,Summer,22,Foggy,55,11,11,13,8,11
2024-05-30,Thursday,0,Summer,15,Foggy,156,31,31,39,23,31
2024-05-31,Friday,0,Summer,30,Cloudy,165,33,33,16,24,16
2024-06-01,Saturday,0,Summer,32,Cloudy,166,33,33,16,24,16
2024-06-02,Sunday,0,Summer,30,Snowy,84,16,16,21,12,8
2024-06-03,Monday,0,Summer,20,Foggy,106,21,21,26,15,21
2024-06-04,Tuesday,0,Summer,33,Snowy,141,28,28,35,21,14
2024-06-05,Wednesday,0,Summer,23,Rainy,76,15,15,7,11,15
2024-06-06,Thursday,0,Summer,30,Foggy,68,13,13,17,10,13
2024-06-07,Friday,0,Summer,34,Snowy,138,27,27,34,20,13
2024-06-08,Saturday,0,Summer,33,Cloudy,161,32,32,16,24,16
2024-06-09,Sunday,0,Summer,39,Cloudy,132,26,26,13,19,13
2024-06-10,Monday,0,Summer,21,Rainy,127,25,25,12,19,25
2024-06-11,Tuesday,0,Summer,34,Cloudy,73,14,14,7,10,7
2024-06-12,Wednesday,0,Summer,19,Foggy,107,21,21,26,16,21
2024-06-13,Thursday,0,Summer,36,Rainy,101,20,20,10,15,20
2024-06-14,Friday,0,Summer,28,Sunny,182,36,36,18,27,18
2024-06-15,Saturday,0,Summer,19,Sunny,161,32,32,16,24,16
2024-06-16,Sunday,0,Summer,37,Rainy,106,21,21,10,15,21
2024-06-17,Monday,0,Summer,39,Sunny,111,22,22,11,16,11
2024-06-18,Tuesday,0,Summer,18,Rainy,179,35,35,17,26,35
2024-06-19,Wednesday,0,Summer,18,Snowy,157,31,31,39,23,15
2024-06-20,Thursday,0,Summer,39,Sunny,152,30,30,15,22,15
2024-06-21,Friday,0,Summer,30,Cloudy,145,29,29,14,21,14
2024-06-22,Saturday,0,Summer,25,Rainy,85,17,17,8,12,17
2024-06-23,Sunday,0,Summer,24,Snowy,110,22,22,27,16,11
2024-06-24,Monday,0,Summer,35,Rainy,129,25,25,12,19,25
2024-06-25,Tuesday,0,Summer,25,Cloudy,127,25,25,12,19,12
2024-06-26,Wednesday,0,Summer,16,Sunny,76,15,15,7,11,7
2024-06-27,Thursday,0,Summer,30,Foggy,58,11,11,14,8,11
2024-06-28,Friday,0,Summer,20,Rainy,76,15,15,7,11,15
2024-06-29,Saturday,0,Summer,16,Foggy,132,26,26,33,19,26
2024-06-30,Sunday,0,Summer,19,Sunny,87,17,17,8,13,8
2024-07-01,Monday,0,Monsoon,40,Sunny,61,12,12,6,18,6
2024-07-02,Tuesday,0,Monsoon,25,Rainy,143,28,28,14,42,28
2024-07-03,Wednesday,0,Monsoon,19,Cloudy,111,22,22,11,33,11
2024-07-04,Thursday,0,Monsoon,24,Snowy,108,20,20,26,31,9
2024-07-05,Friday,0,Monsoon,22,Rainy,197,39,39,19,59,39
2024-07-06,Saturday,0,Monsoon,23,Rainy,79,15,15,7,23,15
2024-07-07,Sunday,0,Monsoon,40,Sunny,82,16,16,8,24,8
2024-07-08,Monday,0,Monsoon,23,Snowy,63,12,12,15,18,6
2024-07-09,Tuesday,0,Monsoon,26,Foggy,55,9,9,11,14,9
2024-07-10,Wednesday,0,Monsoon,36,Rainy,112,22,22,11,33,22
2024-07-11,Thursday,0,Monsoon,29,Cloudy,128,25,25,12,38,12
2024-07-12,Friday,0,Monsoon,22,Rainy,103,20,20,10,30,20
2024-07-13,Saturday,0,Monsoon,25,Foggy,113,19,19,24,29,19
2024-07-14,Sunday,0,Monsoon,16,Foggy,60,10,10,13,15,10
2024-07-15,Monday,0,Monsoon,28,Rainy,92,18,18,9,27,18
2024-07-16,Tuesday,0,Monsoon,22,Cloudy,108,21,21,10,32,10
2024-07-17,Wednesday,0,Monsoon,18,Sunny,100,20,20,10,30,10
2024-07-18,Thursday,0,Monsoon,29,Cloudy,179,35,35,17,53,17
2024-07-19,Friday,0,Monsoon,37,Sunny,105,21,21,10,31,10
2024-07-20,Saturday,0,Monsoon,30,Cloudy,152,30,30,15,45,15
2024-07-21,Sunday,0,Monsoon,29,Foggy,93,16,16,20,24,16
2024-07-22,Monday,0,Monsoon,29,Snowy,145,27,27,34,41,13
2024-07-23,Tuesday,0,Monsoon,39,Sunny,168,33,33,16,50,16
2024-07-24,Wednesday,0,Monsoon,30,Foggy,128,22,22,28,33,22
2024-07-25,Thursday,0,Monsoon,36,Cloudy,82,16,16,8,24,8
2024-07-26,Friday,0,Monsoon,37,Foggy,95,16,16,20,24,16
2024-07-27,Saturday,0,Monsoon,31,Foggy,154,26,26,33,40,26
2024-07-28,Sunday,0,Monsoon,21,Snowy,112,21,21,27,31,10
2024-07-29,Monday,0,Monsoon,25,Snowy,197,37,37,47,56,18
2024-07-30,Tuesday,0,Monsoon,36,Cloudy,193,38,38,19,57,19
2024-07-31,Wednesday,0,Monsoon,16,Cloudy,200,40,40,20,60,20
2024-08-01,Thursday,0,Monsoon,24,Sunny,188,37,37,18,56,18
2024-08-02,Friday,0,Monsoon,17,Snowy,51,9,9,11,14,4
2024-08-03,Saturday,0,Monsoon,27,Foggy,145,25,25,31,37,25
2024-08-04,Sunday,0,Monsoon,35,Cloudy,67,13,13,6,20,6
2024-08-05,Monday,0,Monsoon,27,Rainy,56,11,11,5,16,11
2024-08-06,Tuesday,0,Monsoon,31,Snowy,176,33,33,42,50,16
2024-08-07,Wednesday,0,Monsoon,21,Snowy,109,20,20,26,31,9
2024-08-08,Thursday,0,Monsoon,25,Foggy,126,22,22,27,32,22
2024-08-09,Friday,0,Monsoon,25,Rainy,189,37,37,18,56,37
2024-08-10,Saturday,0,Monsoon,16,Foggy,108,18,18,23,28,18
2024-08-11,Sunday,0,Monsoon,26,Sunny,82,16,16,8,24,8
2024-08-12,Monday,0,Monsoon,37,Rainy,186,37,37,18,55,37
2024-08-13,Tuesday,0,Monsoon,32,Snowy,138,26,26,33,39,12
2024-08-14,Wednesday,0,Monsoon,22,Sunny,99,19,19,9,29,9
2024-08-15,Thursday,1,Monsoon,39,Sunny,124,24,24,12,37,12
2024-08-16,Friday,0,Monsoon,18,Rainy,163,32,32,16,48,32
2024-08-17,Saturday,0,Monsoon,38,Sunny,137,27,27,13,41,13
2024-08-18,Sunday,0,Monsoon,40,Foggy,112,19,19,24,29,19
2024-08-19,Monday,0,Monsoon,34,Foggy,92,15,15,20,23,15
2024-08-20,Tuesday,0,Monsoon,32,Rainy,153,30,30,15,45,30
2024-08-21,Wednesday,0,Monsoon,37,Cloudy,74,14,14,7,22,7
2024-08-22,Thursday,0,Monsoon,15,Sunny,160,32,32,16,48,16
2024-08-23,Friday,0,Monsoon,22,Cloudy,116,23,23,11,34,11
2024-08-24,Saturday,0,Monsoon,28,Sunny,142,28,28,14,42,14
2024-08-25,Sunday,0,Monsoon,32,Snowy,51,9,9,11,14,4
2024-08-26,Monday,0,Monsoon,37,Snowy,56,10,10,13,15,4
2024-08-27,Tuesday,0,Monsoon,22,Foggy,164,28,28,36,43,28
2024-08-28,Wednesday,0,Monsoon,29,Snowy,89,16,16,21,25,7
2024-08-29,Thursday,0,Monsoon,27,Foggy,59,10,10,12,15,10
2024-08-30,Friday,0,Monsoon,20,Rainy,61,12,12,6,18,12
2024-08-31,Saturday,0,Monsoon,18,Foggy,79,13,13,17,20,13
2024-09-01,Sunday,0,Autumn,38,Foggy,43,8,8,10,6,8
2024-09-02,Monday,0,Autumn,20,Cloudy,137,27,27,13,20,13
2024-09-03,Tuesday,0,Autumn,24,Cloudy,79,15,15,7,11,7
2024-09-04,Wednesday,0,Autumn,26,Sunny,115,23,23,11,17,11
2024-09-05,Thursday,0,Autumn,27,Sunny,143,28,28,14,21,14
2024-09-06,Friday,0,Autumn,37,Snowy,90,18,18,22,13,9
2024-09-07,Saturday,0,Autumn,38,Cloudy,99,19,19,9,14,9
2024-09-08,Sunday,0,Autumn,29,Cloudy,108,21,21,10,16,10
2024-09-09,Monday,0,Autumn,39,Rainy,124,24,24,12,18,24
2024-09-10,Tuesday,0,Autumn,35,Foggy,112,22,22,28,16,22
2024-09-11,Wednesday,0,Autumn,33,Foggy,173,34,34,43,25,34
2024-09-12,Thursday,0,Autumn,18,Sunny,185,37,37,18,27,18
2024-09-13,Friday,0,Autumn,36,Sunny,72,14,14,7,10,7
2024-09-14,Saturday,0,Autumn,32,Foggy,109,21,21,27,16,21
2024-09-15,Sunday,0,Autumn,16,Snowy,72,14,14,18,10,7
2024-09-16,Monday,0,Autumn,40,Snowy,87,17,17,21,13,8
2024-09-17,Tuesday,0,Autumn,29,Cloudy,51,10,10,5,7,5
2024-09-18,Wednesday,0,Autumn,21,Rainy,175,35,35,17,26,35
2024-09-19,Thursday,0,Autumn,28,Foggy,194,38,38,48,29,38
2024-09-20,Friday,0,Autumn,27,Foggy,82,16,16,20,12,16
2024-09-21,Saturday,0,Autumn,19,Sunny,108,21,21,10,16,10
2024-09-22,Sunday,0,Autumn,25,Cloudy,129,25,25,12,19,12
2024-09-23,Monday,0,Autumn,15,Cloudy,184,36,36,18,27,18
2024-09-24,Tuesday,0,Autumn,39,Cloudy,50,10,10,5,7,5
2024-09-25,Wednesday,0,Autumn,30,Cloudy,90,18,18,9,13,9
2024-09-26,Thursday,0,Autumn,28,Cloudy,61,12,12,6,9,6
2024-09-27,Friday,0,Autumn,21,Snowy,197,39,39,49,29,19
2024-09-28,Saturday,0,Autumn,36,Rainy,167,33,33,16,25,33
2024-09-29,Sunday,0,Autumn,20,Sunny,114,22,22,11,17,11
2024-09-30,Monday,0,Autumn,29,Foggy,177,35,35,44,26,35
2024-10-01,Tuesday,0,Autumn,31,Rainy,66,13,13,6,9,13
2024-10-02,Wednesday,0,Autumn,39,Rainy,74,14,14,7,11,14
2024-10-03,Thursday,0,Autumn,34,Rainy,70,14,14,7,10,14
2024-10-04,Friday,0,Autumn,19,Sunny,148,29,29,14,22,14
2024-10-05,Saturday,0,Autumn,34,Sunny,57,11,11,5,8,5
2024-10-06,Sunday,0,Autumn,39,Cloudy,83,16,16,8,12,8
2024-10-07,Monday,0,Autumn,31,Cloudy,155,31,31,15,23,15
2024-10-08,Tuesday,0,Autumn,35,Snowy,87,17,17,21,13,8
2024-10-09,Wednesday,0,Autumn,33,Foggy,157,31,31,39,23,31
2024-10-10,Thursday,0,Autumn,39,Snowy,125,25,25,31,18,12
2024-10-11,Friday,0,Autumn,25,Sunny,76,15,15,7,11,7
2024-10-12,Saturday,0,Autumn,33,Rainy,112,22,22,11,16,22
2024-10-13,Sunday,0,Autumn,23,Foggy,53,10,10,13,7,10
2024-10-14,Monday,0,Autumn,22,Rainy,68,13,13,6,10,13
2024-10-15,Tuesday,0,Autumn,16,Foggy,166,33,33,41,24,33
2024-10-16,Wednesday,0,Autumn,15,Sunny,50,10,10,5,7,5
2024-10-17,Thursday,0,Autumn,21,Rainy,197,39,39,19,29,39
2024-10-18,Friday,0,Autumn,31,Foggy,108,21,21,27,16,21
2024-10-19,Saturday,0,Autumn,30,Rainy,151,30,30,15,22,30
2024-10-20,Sunday,0,Autumn,33,Sunny,137,27,27,13,20,13
2024-10-21,Monday,0,Autumn,23,Rainy,178,35,35,17,26,35
2024-10-22,Tuesday,0,Autumn,20,Rainy,95,19,19,9,14,19
2024-10-23,Wednesday,0,Autumn,37,Foggy,185,37,37,46,27,37
2024-10-24,Thursday,0,Autumn,40,Sunny,58,11,11,5,8,5
2024-10-25,Friday,0,Autumn,15,Foggy,190,38,38,47,28,38
2024-10-26,Saturday,0,Autumn,27,Cloudy,109,21,21,10,16,10
2024-10-27,Sunday,0,Autumn,37,Rainy,98,19,19,9,14,19
2024-10-28,Monday,0,Autumn,18,Sunny,194,38,38,19,29,19
2024-10-29,Tuesday,0,Autumn,20,Snowy,153,30,30,38,22,15
2024-10-30,Wednesday,0,Autumn,35,Cloudy,182,36,36,18,27,18
2024-10-31,Thursday,0,Autumn,38,Sunny,83,16,16,8,12,8
2024-11-01,Friday,0,Pre-Winter,21,Sunny,148,29,44,14,22,14
2024-11-02,Saturday,0,Pre-Winter,11,Foggy,119,21,32,27,15,21
2024-11-03,Sunday,0,Pre-Winter,34,Foggy,108,19,29,24,14,19
2024-11-04,Monday,0,Pre-Winter,24,Foggy,191,34,52,43,25,34
2024-11-05,Tuesday,0,Pre-Winter,20,Sunny,192,38,57,19,28,19
2024-11-06,Wednesday,0,Pre-Winter,2,Cloudy,148,29,44,14,22,14
2024-11-07,Thursday,0,Pre-Winter,11,Cloudy,121,24,36,12,18,12
2024-11-08,Friday,0,Pre-Winter,18,Rainy,74,14,22,7,11,14
2024-11-09,Saturday,0,Pre-Winter,-5,Sunny,46,9,13,4,6,4
2024-11-10,Sunday,0,Pre-Winter,1,Sunny,81,16,24,8,12,8
2024-11-11,Monday,0,Pre-Winter,23,Foggy,197,35,54,44,26,35
2024-11-12,Tuesday,0,Pre-Winter,1,Foggy,169,30,46,38,23,30
2024-11-13,Wednesday,0,Pre-Winter,1,Rainy,59,11,17,5,8,11
2024-11-14,Thursday,0,Pre-Winter,-1,Snowy,163,32,48,40,24,16
2024-11-15,Friday,0,Pre-Winter,20,Rainy,118,23,35,11,17,23
2024-11-16,Saturday,0,Pre-Winter,21,Cloudy,138,27,41,13,20,13
2024-11-17,Sunday,0,Pre-Winter,17,Cloudy,130,26,39,13,19,13
2024-11-18,Monday,0,Pre-Winter,19,Foggy,129,23,35,29,17,23
2024-11-19,Tuesday,0,Pre-Winter,3,Sunny,126,25,37,12,18,12
2024-11-20,Wednesday,0,Pre-Winter,14,Snowy,172,34,51,43,25,17
2024-11-21,Thursday,0,Pre-Winter,26,Cloudy,181,36,54,18,27,18
2024-11-22,Friday,0,Pre-Winter,30,Rainy,68,13,20,6,10,13
2024-11-23,Saturday,0,Pre-Winter,31,Cloudy,45,9,13,4,6,4
2024-11-24,Sunday,0,Pre-Winter,27,Sunny,128,25,38,12,19,12
2024-11-25,Monday,0,Pre-Winter,31,Snowy,73,14,21,18,10,7
2024-11-26,Tuesday,0,Pre-Winter,35,Rainy,86,17,25,8,12,17
2024-11-27,Wednesday,0,Pre-Winter,20,Foggy,193,35,52,44,25,35
2024-11-28,Thursday,0,Pre-Winter,0,Snowy,193,38,57,48,28,19
2024-11-29,Friday,0,Pre-Winter,24,Sunny,187,37,56,18,28,18
2024-11-30,Saturday,0,Pre-Winter,6,Sunny,130,26,39,13,19,13
2024-12-01,Sunday,0,Winter,20,Snowy,130,43,32,26,15,10
2024-12-02,Monday,0,Winter,-2,Snowy,170,56,42,35,20,14
2024-12-03,Tuesday,0,Winter,0,Snowy,54,18,13,11,6,4
2024-12-04,Wednesday,0,Winter,24,Foggy,157,48,36,30,17,24
2024-12-05,Thursday,0,Winter,19,Foggy,68,21,15,13,7,10
2024-12-06,Friday,0,Winter,24,Foggy,171,52,39,32,19,26
2024-12-07,Saturday,0,Winter,5,Snowy,43,14,10,8,5,3
2024-12-08,Sunday,0,Winter,15,Rainy,94,32,24,7,12,15
2024-12-09,Monday,0,Winter,32,Cloudy,148,57,42,13,21,13
2024-12-10,Tuesday,0,Winter,18,Rainy,53,19,13,4,6,9
2024-12-11,Wednesday,0,Winter,0,Foggy,70,21,16,13,7,10
2024-12-12,Thursday,0,Winter,9,Snowy,91,30,22,18,11,7
2024-12-13,Friday,0,Winter,24,Sunny,180,68,51,17,25,17
2024-12-14,Saturday,0,Winter,10,Foggy,93,29,21,18,10,14
2024-12-15,Sunday,0,Winter,22,Foggy,99,30,22,19,11,15
2024-12-16,Monday,0,Winter,19,Foggy,96,29,21,18,10,14
2024-12-17,Tuesday,0,Winter,8,Foggy,73,23,16,14,7,11
2024-12-18,Wednesday,0,Winter,33,Foggy,140,43,32,26,16,21
2024-12-19,Thursday,0,Winter,4,Sunny,177,67,51,16,25,16
2024-12-20,Friday,0,Winter,32,Snowy,176,58,43,37,21,14
2024-12-21,Saturday,0,Winter,35,Sunny,110,42,31,10,15,10
2024-12-22,Sunday,0,Winter,32,Rainy,114,39,30,9,15,19
2024-12-23,Monday,0,Winter,13,Sunny,79,31,23,7,11,7
2024-12-24,Tuesday,0,Winter,1,Cloudy,52,20,15,5,7,5
2024-12-25,Wednesday,1,Winter,17,Rainy,112,39,29,9,14,19
2024-12-26,Thursday,0,Winter,2,Cloudy,188,72,53,17,26,17
2024-12-27,Friday,0,Winter,1,Sunny,113,43,32,10,15,10
2024-12-28,Saturday,0,Winter,28,Snowy,129,43,32,27,16,10
2024-12-29,Sunday,0,Winter,16,Cloudy,100,38,28,9,14,9
2024-12-30,Monday,0,Winter,18,Rainy,76,26,19,6,9,13
